PERSON_ID,DISPLAY_LAST_COMMA_FIRST,DISPLAY_FIRST_LAST,ROSTERSTATUS,FROM_YEAR,TO_YEAR,PLAYERCODE,PLAYER_SLUG,TEAM_ID,TEAM_CITY,TEAM_NAME,TEAM_ABBREVIATION,TEAM_SLUG,TEAM_CODE,GAMES_PLAYED_FLAG,OTHERLEAGUE_EXPERIENCE_CH
1630173,"Achiuwa, Precious",Precious Achiuwa,1,2020,2023,precious_achiuwa,precious_achiuwa,1610612752,New York,Knicks,NYK,knicks,knicks,Y,0
1628389,"Adebayo, Bam",Bam Adebayo,1,2017,2023,bam_adebayo,bam_adebayo,1610612748,Miami,Heat,MIA,heat,heat,Y,0
1629638,"Alexander-Walker, Nickeil",Nickeil Alexander-Walker,1,2019,2023,nickeil_alexander-walker,nickeil_alexander-walker,1610612750,Minnesota,Timberwolves,MIN,timberwolves,timberwolves,Y,1
1628960,"Allen, Grayson",Grayson Allen,1,2018,2023,grayson_allen,grayson_allen,1610612756,Phoenix,Suns,PHX,suns,suns,Y,1
1630631,"Alvarado, Jose",Jose Alvarado,1,2021,2023,jose_alvarado,jose_alvarado,1610612740,New Orleans,Pelicans,NOP,pelicans,pelicans,Y,0
203937,"Anderson, Kyle",Kyle Anderson,1,2014,2023,kyle_anderson,kyle_anderson,1610612750,Minnesota,Timberwolves,MIN,timberwolves,timberwolves,Y,1
1628384,"Anunoby, OG",OG Anunoby,1,2017,2023,og_anunoby,og_anunoby,1610612752,New York,Knicks,NYK,knicks,knicks,Y,0
1627853,"Arcidiacono, Ryan",Ryan Arcidiacono,0,2017,2023,ryan_arcidiacono,ryan_arcidiacono,0,,,,,,Y,1
1630166,"Avdija, Deni",Deni Avdija,1,2020,2023,deni_avdija,deni_avdija,1610612764,Washington,Wizards,WAS,wizards,wizards,Y,0
1628962,"Azubuike, Udoka",Udoka Azubuike,1,2020,2023,udoka_azubuike,udoka_azubuike,1610612756,Phoenix,Suns,PHX,suns,suns,Y,1
1628963,"Bagley III, Marvin",Marvin Bagley III,1,2018,2023,marvin_bagley_iii,marvin_bagley_iii,1610612764,Washington,Wizards,WAS,wizards,wizards,Y,0
1641735,"Bailey, Amari",Amari Bailey,1,2023,2023,amari_bailey,amari_bailey,1610612766,Charlotte,Hornets,CHA,hornets,hornets,Y,11
1631116,"Baldwin Jr., Patrick",Patrick Baldwin Jr.,1,2022,2023,patrick_baldwin_jr,patrick_baldwin_jr,1610612764,Washington,Wizards,WAS,wizards,wizards,Y,11
1630163,"Ball, LaMelo",LaMelo Ball,1,2020,2023,lamelo_ball,lamelo_ball,1610612766,Charlotte,Hornets,CHA,hornets,hornets,Y,0
203084,"Barnes, Harrison",Harrison Barnes,1,2012,2023,harrison_barnes,harrison_barnes,1610612758,Sacramento,Kings,SAC,kings,kings,Y,0
203078,"Beal, Bradley",Bradley Beal,1,2012,2023,bradley_beal,bradley_beal,1610612756,Phoenix,Suns,PHX,suns,suns,Y,0
1631262,"Bernard, Jules",Jules Bernard,1,2023,2023,jules_bernard,jules_bernard,1610612764,Washington,Wizards,WAS,wizards,wizards,Y,11
202722,"Bertans, Davis",Davis Bertans,1,2016,2023,davis_bertans,davis_bertans,1610612766,Charlotte,Hornets,CHA,hornets,hornets,Y,1
202687,"Biyombo, Bismack",Bismack Biyombo,1,2011,2023,bismack_biyombo,bismack_biyombo,1610612760,Oklahoma City,Thunder,OKC,thunder,thunder,Y,0
1641778,"Black, Leaky",Leaky Black,1,2023,2023,leaky_black,leaky_black,1610612766,Charlotte,Hornets,CHA,hornets,hornets,Y,11
202711,"Bogdanovic, Bojan",Bojan Bogdanovic,1,2014,2023,bojan_bogdanovic,bojan_bogdanovic,1610612752,New York,Knicks,NYK,knicks,knicks,Y,0
1629626,"Bol, Bol",Bol Bol,1,2019,2023,bol_bol,bol_bol,1610612756,Phoenix,Suns,PHX,suns,suns,Y,1
1629716,"Bolden, Marques",Marques Bolden,1,2019,2023,marques_bolden,marques_bolden,1610612766,Charlotte,Hornets,CHA,hornets,hornets,Y,11
1626164,"Booker, Devin",Devin Booker,1,2015,2023,devin_booker,devin_booker,1610612756,Phoenix,Suns,PHX,suns,suns,Y,0
1630527,"Boston Jr., Brandon",Brandon Boston Jr.,1,2021,2023,brandon_boston_jr,brandon_boston_jr,1610612746,LA,Clippers,LAC,clippers,clippers,Y,11
1630547,"Bouknight, James",James Bouknight,0,2021,2023,james_bouknight,james_bouknight,0,,,,,,Y,1
1631123,"Bouyea, Jamaree",Jamaree Bouyea,0,2022,2023,jamaree_bouyea,jamaree_bouyea,0,,,,,,Y,11
1628970,"Bridges, Miles",Miles Bridges,1,2018,2023,miles_bridges,miles_bridges,1610612766,Charlotte,Hornets,CHA,hornets,hornets,Y,0
1629052,"Brissett, Oshae",Oshae Brissett,1,2019,2023,oshae_brissett,oshae_brissett,1610612738,Boston,Celtics,BOS,celtics,celtics,Y,1
1629717,"Brooks, Armoni",Armoni Brooks,0,2020,2023,armoni_brooks,armoni_brooks,0,,,,,,Y,11
1627759,"Brown, Jaylen",Jaylen Brown,1,2016,2023,jaylen_brown,jaylen_brown,1610612738,Boston,Celtics,BOS,celtics,celtics,Y,0
1631112,"Brown, Kendall",Kendall Brown,1,2022,2023,kendall_brown,kendall_brown,1610612754,Indiana,Pacers,IND,pacers,pacers,Y,11
1641738,"Brown, Kobe",Kobe Brown,1,2023,2023,kobe_brown,kobe_brown,1610612746,LA,Clippers,LAC,clippers,clippers,Y,11
1630535,"Brown III, Greg",Greg Brown III,1,2021,2023,greg_brown_iii,greg_brown_iii,1610612742,Dallas,Mavericks,DAL,mavericks,mavericks,Y,11
1629718,"Brown Jr., Charlie",Charlie Brown Jr.,1,2019,2023,charles_brown,charlie_brown_jr,1610612752,New York,Knicks,NYK,knicks,knicks,Y,11
1628973,"Brunson, Jalen",Jalen Brunson,1,2018,2023,jalen_brunson,jalen_brunson,1610612752,New York,Knicks,NYK,knicks,knicks,Y,0
1628418,"Bryant, Thomas",Thomas Bryant,1,2017,2023,thomas_bryant,thomas_bryant,1610612748,Miami,Heat,MIA,heat,heat,Y,1
202692,"Burks, Alec",Alec Burks,1,2011,2023,alec_burks,alec_burks,1610612752,New York,Knicks,NYK,knicks,knicks,Y,1
1630215,"Butler, Jared",Jared Butler,1,2021,2023,jared_butler,jared_butler,1610612764,Washington,Wizards,WAS,wizards,wizards,Y,11
202710,"Butler, Jimmy",Jimmy Butler,1,2011,2023,jimmy_butler,jimmy_butler,1610612748,Miami,Heat,MIA,heat,heat,Y,0
1631288,"Cain, Jamal",Jamal Cain,1,2022,2023,jamal_cain,jamal_cain,1610612748,Miami,Heat,MIA,heat,heat,Y,11
1630608,"Cazalon, Malcolm",Malcolm Cazalon,0,2023,2023,malcolm_cazalon,malcolm_cazalon,0,,,,,,Y,11
1630551,"Champagnie, Justin",Justin Champagnie,1,2021,2023,justin_champagnie,justin_champagnie,1610612764,Washington,Wizards,WAS,wizards,wizards,Y,11
1641740,"Clark, Jaylen",Jaylen Clark,1,2023,2023,jaylen_clark,jaylen_clark,1610612750,Minnesota,Timberwolves,MIN,timberwolves,timberwolves,N,0
203903,"Clarkson, Jordan",Jordan Clarkson,1,2014,2023,jordan_clarkson,jordan_clarkson,1610612762,Utah,Jazz,UTA,jazz,jazz,Y,1
1629599,"Coffey, Amir",Amir Coffey,1,2019,2023,amir_coffey,amir_coffey,1610612746,LA,Clippers,LAC,clippers,clippers,Y,1
1628381,"Collins, John",John Collins,1,2017,2023,john_collins,john_collins,1610612762,Utah,Jazz,UTA,jazz,jazz,Y,0
201144,"Conley, Mike",Mike Conley,1,2007,2023,mike_conley,mike_conley,1610612750,Minnesota,Timberwolves,MIN,timberwolves,timberwolves,Y,0
1641731,"Coulibaly, Bilal",Bilal Coulibaly,1,2023,2023,bilal_coulibaly,bilal_coulibaly,1610612764,Washington,Wizards,WAS,wizards,wizards,Y,0
1630622,"Crutcher, Jalen",Jalen Crutcher,1,2023,2023,jalen_crutcher,jalen_crutcher,1610612740,New Orleans,Pelicans,NOP,pelicans,pelicans,Y,11
203552,"Curry, Seth",Seth Curry,1,2013,2023,seth_curry,seth_curry,1610612766,Charlotte,Hornets,CHA,hornets,hornets,Y,1
201939,"Curry, Stephen",Stephen Curry,1,2009,2023,stephen_curry,stephen_curry,1610612744,Golden State,Warriors,GSW,warriors,warriors,Y,0
1630700,"Daniels, Dyson",Dyson Daniels,1,2022,2023,dyson_daniels,dyson_daniels,1610612740,New Orleans,Pelicans,NOP,pelicans,pelicans,Y,0
1631098,"Davis, Johnny",Johnny Davis,1,2022,2023,johnny_davis,johnny_davis,1610612764,Washington,Wizards,WAS,wizards,wizards,Y,11
1631120,"Davison, JD",JD Davison,1,2022,2023,jd_davison,jd_davison,1610612738,Boston,Celtics,BOS,celtics,celtics,Y,11
1641926,"Dennis, Dexter",Dexter Dennis,0,2023,2023,dexter_dennis,dexter_dennis,0,,,,,,Y,11
1628978,"DiVincenzo, Donte",Donte DiVincenzo,1,2018,2023,donte_divincenzo,donte_divincenzo,1610612752,New York,Knicks,NYK,knicks,knicks,Y,1
1631217,"Diabate, Moussa",Moussa Diabate,1,2022,2023,moussa_diabate,moussa_diabate,1610612746,LA,Clippers,LAC,clippers,clippers,Y,11
1628977,"Diallo, Hamidou",Hamidou Diallo,0,2018,2023,hamidou_diallo,hamidou_diallo,0,,,,,,Y,11
1631172,"Dieng, Ousmane",Ousmane Dieng,1,2022,2023,ousmane_dieng,ousmane_dieng,1610612760,Oklahoma City,Thunder,OKC,thunder,thunder,Y,11
1629029,"Doncic, Luka",Luka Doncic,1,2018,2023,luka_don,luka_doncic,1610612742,Dallas,Mavericks,DAL,mavericks,mavericks,Y,0
1629652,"Dort, Luguentz",Luguentz Dort,1,2019,2023,luguentz_dort,luguentz_dort,1610612760,Oklahoma City,Thunder,OKC,thunder,thunder,Y,1
1630537,"Duarte, Chris",Chris Duarte,1,2021,2023,chris_duarte,chris_duarte,1610612758,Sacramento,Kings,SAC,kings,kings,Y,0
1627739,"Dunn, Kris",Kris Dunn,1,2016,2023,kris_dunn,kris_dunn,1610612762,Utah,Jazz,UTA,jazz,jazz,Y,1
201142,"Durant, Kevin",Kevin Durant,1,2007,2023,kevin_durant,kevin_durant,1610612756,Phoenix,Suns,PHX,suns,suns,Y,0
1630162,"Edwards, Anthony",Anthony Edwards,1,2020,2023,anthony_edwards,anthony_edwards,1610612750,Minnesota,Timberwolves,MIN,timberwolves,timberwolves,Y,0
1630556,"Edwards, Kessler",Kessler Edwards,1,2021,2023,kessler_edwards,kessler_edwards,1610612758,Sacramento,Kings,SAC,kings,kings,Y,11
1631165,"Ellis, Keon",Keon Ellis,1,2022,2023,keon_ellis,keon_ellis,1610612758,Sacramento,Kings,SAC,kings,kings,Y,1
1629234,"Eubanks, Drew",Drew Eubanks,1,2018,2023,drew_eubanks,drew_eubanks,1610612756,Phoenix,Suns,PHX,suns,suns,Y,1
203957,"Exum, Dante",Dante Exum,1,2014,2023,dante_exum,dante_exum,1610612742,Dallas,Mavericks,DAL,mavericks,mavericks,Y,0
1641745,"Flagler, Adam",Adam Flagler,1,2023,2023,adam_flagler,adam_flagler,1610612760,Oklahoma City,Thunder,OKC,thunder,thunder,Y,11
1630259,"Ford, Jordan",Jordan Ford,1,2023,2023,jordan_ford,jordan_ford,1610612758,Sacramento,Kings,SAC,kings,kings,Y,11
1628368,"Fox, De'Aaron",De'Aaron Fox,1,2017,2023,de'aaron_fox,deaaron_fox,1610612758,Sacramento,Kings,SAC,kings,kings,Y,0
1641788,"Fudge, Alex",Alex Fudge,0,2023,2023,alex_fudge,alex_fudge,0,,,,,,Y,11
1629655,"Gafford, Daniel",Daniel Gafford,1,2019,2023,daniel_gafford,daniel_gafford,1610612742,Dallas,Mavericks,DAL,mavericks,mavericks,Y,1
1630586,"Garuba, Usman",Usman Garuba,1,2021,2023,usman_garuba,usman_garuba,1610612744,Golden State,Warriors,GSW,warriors,warriors,Y,11
1630568,"Garza, Luka",Luka Garza,1,2021,2023,luka_garza,luka_garza,1610612750,Minnesota,Timberwolves,MIN,timberwolves,timberwolves,Y,1
1629232,"Gates, Kaiser",Kaiser Gates,0,2023,2023,kaiser_gates,kaiser_gates,0,,,,,,Y,11
1641718,"George, Keyonte",Keyonte George,1,2023,2023,keyonte_george,keyonte_george,1610612762,Utah,Jazz,UTA,jazz,jazz,Y,0
202331,"George, Paul",Paul George,1,2010,2023,paul_george,paul_george,1610612746,LA,Clippers,LAC,clippers,clippers,Y,0
201959,"Gibson, Taj",Taj Gibson,0,2009,2023,taj_gibson,taj_gibson,0,,,,,,Y,0
1630581,"Giddey, Josh",Josh Giddey,1,2021,2023,josh_giddey,josh_giddey,1610612760,Oklahoma City,Thunder,OKC,thunder,thunder,Y,0
1628385,"Giles III, Harry",Harry Giles III,0,2017,2023,harry_giles,harry_giles_iii,0,,,,,,Y,1
1628983,"Gilgeous-Alexander, Shai",Shai Gilgeous-Alexander,1,2018,2023,shai_gilgeous-alexander,shai_gilgeous-alexander,1610612760,Oklahoma City,Thunder,OKC,thunder,thunder,Y,0
1630264,"Gill, Anthony",Anthony Gill,1,2020,2023,anthony_gill,anthony_gill,1610612764,Washington,Wizards,WAS,wizards,wizards,Y,0
1631367,"Gilyard, Jacob",Jacob Gilyard,0,2022,2023,jacob_gilyard,jacob_gilyard,0,,,,,,Y,11
203497,"Gobert, Rudy",Rudy Gobert,1,2013,2023,rudy_gobert,rudy_gobert,1610612750,Minnesota,Timberwolves,MIN,timberwolves,timberwolves,Y,1
201569,"Gordon, Eric",Eric Gordon,1,2008,2023,eric_gordon,eric_gordon,1610612756,Phoenix,Suns,PHX,suns,suns,Y,0
201980,"Green, Danny",Danny Green,0,2009,2023,danny_green,danny_green,0,,,,,,Y,1
203110,"Green, Draymond",Draymond Green,1,2012,2023,draymond_green,draymond_green,1610612744,Golden State,Warriors,GSW,warriors,warriors,Y,0
1630182,"Green, Josh",Josh Green,1,2020,2023,josh_green,josh_green,1610612742,Dallas,Mavericks,DAL,mavericks,mavericks,Y,1
1631338,"Gueye, Mouhamadou",Mouhamadou Gueye,0,2023,2023,mouhamadou_gueye,mouhamadou_gueye,0,,,,,,Y,11
1630169,"Haliburton, Tyrese",Tyrese Haliburton,1,2020,2023,tyrese_haliburton,tyrese_haliburton,1610612754,Indiana,Pacers,IND,pacers,pacers,Y,0
1630181,"Hampton, R.J.",R.J. Hampton,0,2020,2023,rj_hampton,rj_hampton,0,,,,,,Y,11
203501,"Hardaway Jr., Tim",Tim Hardaway Jr.,1,2013,2023,tim_hardaway_jr,tim_hardaway_jr,1610612742,Dallas,Mavericks,DAL,mavericks,mavericks,Y,1
201935,"Harden, James",James Harden,1,2009,2023,james_harden,james_harden,1610612746,LA,Clippers,LAC,clippers,clippers,Y,0
1630702,"Hardy, Jaden",Jaden Hardy,1,2022,2023,jaden_hardy,jaden_hardy,1610612742,Dallas,Mavericks,DAL,mavericks,mavericks,Y,0
1631199,"Harper Jr., Ron",Ron Harper Jr.,0,2022,2023,ron_harper_jr,ron_harper_jr,0,,,,,,Y,1
203925,"Harris, Joe",Joe Harris,0,2014,2023,joe_harris,joe_harris,0,,,,,,Y,1
1627885,"Harrison, Shaquille",Shaquille Harrison,0,2017,2023,shaquille_harrison,shaquille_harrison,0,,,,,,Y,11
1628404,"Hart, Josh",Josh Hart,1,2017,2023,josh_hart,josh_hart,1610612752,New York,Knicks,NYK,knicks,knicks,Y,1
1628392,"Hartenstein, Isaiah",Isaiah Hartenstein,1,2018,2023,isaiah_hartenstein,isaiah_hartenstein,1610612752,New York,Knicks,NYK,knicks,knicks,Y,1
1630573,"Hauser, Sam",Sam Hauser,1,2021,2023,sam_hauser,sam_hauser,1610612738,Boston,Celtics,BOS,celtics,celtics,Y,1
1641722,"Hawkins, Jordan",Jordan Hawkins,1,2023,2023,jordan_hawkins,jordan_hawkins,1610612740,New Orleans,Pelicans,NOP,pelicans,pelicans,Y,11
1630165,"Hayes, Killian",Killian Hayes,0,2020,2023,killian_hayes,killian_hayes,0,,,,,,Y,0
202330,"Hayward, Gordon",Gordon Hayward,1,2010,2023,gordon_hayward,gordon_hayward,1610612760,Oklahoma City,Thunder,OKC,thunder,thunder,Y,0
1641707,"Hendricks, Taylor",Taylor Hendricks,1,2023,2023,taylor_hendricks,taylor_hendricks,1610612762,Utah,Jazz,UTA,jazz,jazz,Y,11
1629639,"Herro, Tyler",Tyler Herro,1,2019,2023,tyler_herro,tyler_herro,1610612748,Miami,Heat,MIA,heat,heat,Y,0
1629312,"Highsmith, Haywood",Haywood Highsmith,1,2018,2023,haywood_highsmith,haywood_highsmith,1610612748,Miami,Heat,MIA,heat,heat,Y,1
1630792,"Hill, Malcolm",Malcolm Hill,1,2021,2023,malcolm_hill,malcolm_hill,1610612740,New Orleans,Pelicans,NOP,pelicans,pelicans,Y,11
1641793,"Hodge, D'Moi",D'Moi Hodge,0,2023,2023,dmoi_hodge,dmoi_hodge,0,,,,,,Y,11
201950,"Holiday, Jrue",Jrue Holiday,1,2009,2023,jrue_holiday,jrue_holiday,1610612738,Boston,Celtics,BOS,celtics,celtics,Y,0
1626158,"Holmes, Richaun",Richaun Holmes,1,2015,2023,richaun_holmes,richaun_holmes,1610612764,Washington,Wizards,WAS,wizards,wizards,Y,1
1631096,"Holmgren, Chet",Chet Holmgren,1,2022,2023,chet_holmgren,chet_holmgren,1610612760,Oklahoma City,Thunder,OKC,thunder,thunder,Y,0
201143,"Horford, Al",Al Horford,1,2007,2023,al_horford,al_horford,1610612738,Boston,Celtics,BOS,celtics,celtics,Y,0
1629659,"Horton-Tucker, Talen",Talen Horton-Tucker,1,2019,2023,talen_horton-tucker,talen_horton-tucker,1610612762,Utah,Jazz,UTA,jazz,jazz,Y,1
1627863,"House Jr., Danuel",Danuel House Jr.,0,2016,2023,danuel_house,danuel_house_jr,0,,,,,,Y,1
1628989,"Huerter, Kevin",Kevin Huerter,1,2018,2023,kevin_huerter,kevin_huerter,1610612758,Sacramento,Kings,SAC,kings,kings,Y,0
1630538,"Hyland, Bones",Bones Hyland,1,2021,2023,nahshon_hyland,bones_hyland,1610612746,LA,Clippers,LAC,clippers,clippers,Y,0
1627742,"Ingram, Brandon",Brandon Ingram,1,2016,2023,brandon_ingram,brandon_ingram,1610612740,New Orleans,Pelicans,NOP,pelicans,pelicans,Y,0
202681,"Irving, Kyrie",Kyrie Irving,1,2011,2023,kyrie_irving,kyrie_irving,1610612742,Dallas,Mavericks,DAL,mavericks,mavericks,Y,0
1630543,"Jackson, Isaiah",Isaiah Jackson,1,2021,2023,isaiah_jackson,isaiah_jackson,1610612754,Indiana,Pacers,IND,pacers,pacers,Y,1
1628382,"Jackson, Justin",Justin Jackson,1,2017,2023,justin_jackson,justin_jackson,1610612750,Minnesota,Timberwolves,MIN,timberwolves,timberwolves,Y,11
1631218,"Jackson-Davis, Trayce",Trayce Jackson-Davis,1,2023,2023,trayce_jackson-davis,trayce_jackson-davis,1610612744,Golden State,Warriors,GSW,warriors,warriors,Y,0
1631170,"Jaquez Jr., Jaime",Jaime Jaquez Jr.,1,2023,2023,jaime_jaquez_jr,jaime_jaquez_jr,1610612748,Miami,Heat,MIA,heat,heat,Y,0
1629610,"Jeffries, DaQuan",DaQuan Jeffries,1,2019,2023,daquan_jeffries,daquan_jeffries,1610612752,New York,Knicks,NYK,knicks,knicks,Y,11
1630198,"Joe, Isaiah",Isaiah Joe,1,2020,2023,isaiah_joe,isaiah_joe,1610612760,Oklahoma City,Thunder,OKC,thunder,thunder,Y,1
201949,"Johnson, James",James Johnson,1,2009,2023,james_johnson,james_johnson,1610612754,Indiana,Pacers,IND,pacers,pacers,Y,1
1641749,"Johnson, Keyontae",Keyontae Johnson,1,2023,2023,keyontae_johnson,keyontae_johnson,1610612760,Oklahoma City,Thunder,OKC,thunder,thunder,Y,11
1641732,"Jones, Colby",Colby Jones,1,2023,2023,colby_jones,colby_jones,1610612758,Sacramento,Kings,SAC,kings,kings,Y,11
1630529,"Jones, Herbert",Herbert Jones,1,2021,2023,herbert_jones,herbert_jones,1610612740,New Orleans,Pelicans,NOP,pelicans,pelicans,Y,0
1630222,"Jones, Mason",Mason Jones,1,2020,2023,mason_jones,mason_jones,1610612758,Sacramento,Kings,SAC,kings,kings,Y,11
1626145,"Jones, Tyus",Tyus Jones,1,2015,2023,tyus_jones,tyus_jones,1610612764,Washington,Wizards,WAS,wizards,wizards,Y,1
1627884,"Jones Jr., Derrick",Derrick Jones Jr.,1,2016,2023,derrick_jones_jr,derrick_jones_jr,1610612742,Dallas,Mavericks,DAL,mavericks,mavericks,Y,1
202709,"Joseph, Cory",Cory Joseph,0,2011,2023,cory_joseph,cory_joseph,0,,,,,,Y,1
1631107,"Jovic, Nikola",Nikola Jovic,1,2022,2023,nikola_jovic,nikola_jovic,1610612748,Miami,Heat,MIA,heat,heat,Y,1
1630548,"Juzang, Johnny",Johnny Juzang,1,2022,2023,johnny_juzang,johnny_juzang,1610612762,Utah,Jazz,UTA,jazz,jazz,Y,11
1631117,"Kessler, Walker",Walker Kessler,1,2022,2023,walker_kessler,walker_kessler,1610612762,Utah,Jazz,UTA,jazz,jazz,Y,0
1630557,"Kispert, Corey",Corey Kispert,1,2021,2023,corey_kispert,corey_kispert,1610612764,Washington,Wizards,WAS,wizards,wizards,Y,0
1628467,"Kleber, Maxi",Maxi Kleber,1,2017,2023,maxi_kleber,maxi_kleber,1610612742,Dallas,Mavericks,DAL,mavericks,mavericks,Y,0
1628995,"Knox II, Kevin",Kevin Knox II,0,2018,2023,kevin_knox,kevin_knox_ii,0,,,,,,Y,0
1627788,"Korkmaz, Furkan",Furkan Korkmaz,0,2017,2023,furkan_korkmaz,furkan_korkmaz,0,,,,,,Y,1
1628436,"Kornet, Luke",Luke Kornet,1,2017,2023,luke_kornet,luke_kornet,1610612738,Boston,Celtics,BOS,celtics,celtics,Y,1
1630228,"Kuminga, Jonathan",Jonathan Kuminga,1,2021,2023,jonathan_kuminga,jonathan_kuminga,1610612744,Golden State,Warriors,GSW,warriors,warriors,Y,1
1628398,"Kuzma, Kyle",Kyle Kuzma,1,2017,2023,kyle_kuzma,kyle_kuzma,1610612764,Washington,Wizards,WAS,wizards,wizards,Y,0
1630639,"Lawson, A.J.",A.J. Lawson,1,2022,2023,aj_lawson,aj_lawson,1610612742,Dallas,Mavericks,DAL,mavericks,mavericks,Y,1
1627814,"Lee, Damion",Damion Lee,1,2017,2023,damion_lee,damion_lee,1610612756,Phoenix,Suns,PHX,suns,suns,Y,1
1630240,"Lee, Saben",Saben Lee,1,2020,2023,saban_lee,saben_lee,1610612756,Phoenix,Suns,PHX,suns,suns,Y,1
203458,"Len, Alex",Alex Len,1,2013,2023,alex_len,alex_len,1610612758,Sacramento,Kings,SAC,kings,kings,Y,0
202695,"Leonard, Kawhi",Kawhi Leonard,1,2011,2023,kawhi_leonard,kawhi_leonard,1610612746,LA,Clippers,LAC,clippers,clippers,Y,0
1630184,"Lewis Jr., Kira",Kira Lewis Jr.,1,2020,2023,kira_lewis_jr,kira_lewis_jr,1610612762,Utah,Jazz,UTA,jazz,jazz,Y,11
1630604,"Liddell, E.J.",E.J. Liddell,1,2022,2023,ej_liddell,ej_liddell,1610612740,New Orleans,Pelicans,NOP,pelicans,pelicans,Y,11
1629642,"Little, Nassir",Nassir Little,1,2019,2023,nassir_little,nassir_little,1610612756,Phoenix,Suns,PHX,suns,suns,Y,0
1641726,"Lively II, Dereck",Dereck Lively II,1,2023,2023,dereck_lively_ii,dereck_lively_ii,1610612742,Dallas,Mavericks,DAL,mavericks,mavericks,Y,0
1630587,"Livers, Isaiah",Isaiah Livers,1,2021,2023,isaiah_livers,isaiah_livers,1610612764,Washington,Wizards,WAS,wizards,wizards,Y,1
1626172,"Looney, Kevon",Kevon Looney,1,2015,2023,kevon_looney,kevon_looney,1610612744,Golden State,Warriors,GSW,warriors,warriors,Y,1
201577,"Lopez, Robin",Robin Lopez,0,2008,2023,robin_lopez,robin_lopez,0,,,,,,Y,0
201567,"Love, Kevin",Kevin Love,1,2008,2023,kevin_love,kevin_love,1610612748,Miami,Heat,MIA,heat,heat,Y,0
1626168,"Lyles, Trey",Trey Lyles,1,2015,2023,trey_lyles,trey_lyles,1610612758,Sacramento,Kings,SAC,kings,kings,Y,0
1630177,"Maledon, Theo",Theo Maledon,1,2020,2023,theo_maledon,theo_maledon,1610612756,Phoenix,Suns,PHX,suns,suns,Y,1
1629611,"Mann, Terance",Terance Mann,1,2019,2023,terance_mann,terance_mann,1610612746,LA,Clippers,LAC,clippers,clippers,Y,1
1630544,"Mann, Tre",Tre Mann,1,2021,2023,tre_mann,tre_mann,1610612766,Charlotte,Hornets,CHA,hornets,hornets,Y,11
1628374,"Markkanen, Lauri",Lauri Markkanen,1,2017,2023,lauri_markkanen,lauri_markkanen,1610612762,Utah,Jazz,UTA,jazz,jazz,Y,0
1630230,"Marshall, Naji",Naji Marshall,1,2020,2023,naji_marshall,naji_marshall,1610612740,New Orleans,Pelicans,NOP,pelicans,pelicans,Y,1
1628997,"Martin, Caleb",Caleb Martin,1,2019,2023,caleb_martin,caleb_martin,1610612748,Miami,Heat,MIA,heat,heat,Y,1
1628998,"Martin, Cody",Cody Martin,1,2019,2023,cody_martin,cody_martin,1610612766,Charlotte,Hornets,CHA,hornets,hornets,Y,1
1631097,"Mathurin, Bennedict",Bennedict Mathurin,1,2022,2023,bennedict_mathurin,bennedict_mathurin,1610612754,Indiana,Pacers,IND,pacers,pacers,Y,0
1630540,"McBride, Miles",Miles McBride,1,2021,2023,miles_mcbride,miles_mcbride,1610612752,New York,Knicks,NYK,knicks,knicks,Y,1
203468,"McCollum, CJ",CJ McCollum,1,2013,2023,cj_mccollum,cj_mccollum,1610612740,New Orleans,Pelicans,NOP,pelicans,pelicans,Y,1
204456,"McConnell, T.J.",T.J. McConnell,1,2015,2023,t.j._mcconnell,tj_mcconnell,1610612754,Indiana,Pacers,IND,pacers,pacers,Y,0
1630183,"McDaniels, Jaden",Jaden McDaniels,1,2020,2023,jaden_mcdaniels,jaden_mcdaniels,1610612750,Minnesota,Timberwolves,MIN,timberwolves,timberwolves,Y,0
203926,"McDermott, Doug",Doug McDermott,1,2014,2023,doug_mcdermott,doug_mcdermott,1610612754,Indiana,Pacers,IND,pacers,pacers,Y,0
201580,"McGee, JaVale",JaVale McGee,1,2008,2023,javale_mcgee,javale_mcgee,1610612758,Sacramento,Kings,SAC,kings,kings,Y,0
1631121,"McGowens, Bryce",Bryce McGowens,1,2022,2023,bryce_mcgowens,bryce_mcgowens,1610612766,Charlotte,Hornets,CHA,hornets,hornets,Y,1
1629162,"McLaughlin, Jordan",Jordan McLaughlin,1,2019,2023,jordan_mclaughlin,jordan_mclaughlin,1610612750,Minnesota,Timberwolves,MIN,timberwolves,timberwolves,Y,1
1641877,"Mensah, Nathan",Nathan Mensah,1,2023,2023,nathan_mensah,nathan_mensah,1610612766,Charlotte,Hornets,CHA,hornets,hornets,Y,11
1629002,"Metu, Chimezie",Chimezie Metu,0,2018,2023,chimezie_metu,chimezie_metu,0,,,,,,Y,1
203995,"Micic, Vasilije",Vasilije Micic,1,2023,2023,vasilije_micic,vasilije_micic,1610612766,Charlotte,Hornets,CHA,hornets,hornets,Y,0
1641706,"Miller, Brandon",Brandon Miller,1,2023,2023,brandon_miller,brandon_miller,1610612766,Charlotte,Hornets,CHA,hornets,hornets,Y,0
1641757,"Miller, Jordan",Jordan Miller,1,2023,2023,jordan_miller,jordan_miller,1610612746,LA,Clippers,LAC,clippers,clippers,Y,11
1631159,"Miller, Leonard",Leonard Miller,1,2023,2023,leonard_miller,leonard_miller,1610612750,Minnesota,Timberwolves,MIN,timberwolves,timberwolves,Y,11
1631169,"Minott, Josh",Josh Minott,1,2022,2023,josh_minott,josh_minott,1610612750,Minnesota,Timberwolves,MIN,timberwolves,timberwolves,Y,11
1630558,"Mitchell, Davion",Davion Mitchell,1,2021,2023,davion_mitchell,davion_mitchell,1610612758,Sacramento,Kings,SAC,kings,kings,Y,0
1628370,"Monk, Malik",Malik Monk,1,2017,2023,malik_monk,malik_monk,1610612758,Sacramento,Kings,SAC,kings,kings,Y,1
1630541,"Moody, Moses",Moses Moody,1,2021,2023,moses_moody,moses_moody,1610612744,Golden State,Warriors,GSW,warriors,warriors,Y,1
1629875,"Moon, Xavier",Xavier Moon,1,2021,2023,xavier_moon,xavier_moon,1610612746,LA,Clippers,LAC,clippers,clippers,Y,11
1631386,"Moore, Taze",Taze Moore,0,2023,2023,taze_moore,taze_moore,0,,,,,,Y,11
1631111,"Moore Jr., Wendell",Wendell Moore Jr.,1,2022,2023,wendell_moore,wendell_moore_jr,1610612750,Minnesota,Timberwolves,MIN,timberwolves,timberwolves,Y,11
202693,"Morris, Markieff",Markieff Morris,1,2011,2023,markieff_morris,markieff_morris,1610612742,Dallas,Mavericks,DAL,mavericks,mavericks,Y,0
1628420,"Morris, Monte",Monte Morris,1,2017,2023,monte_morris,monte_morris,1610612750,Minnesota,Timberwolves,MIN,timberwolves,timberwolves,Y,1
1630530,"Murphy III, Trey",Trey Murphy III,1,2021,2023,trey_murphy_iii,trey_murphy_iii,1610612740,New Orleans,Pelicans,NOP,pelicans,pelicans,Y,1
1631099,"Murray, Keegan",Keegan Murray,1,2022,2023,keegan_murray,keegan_murray,1610612758,Sacramento,Kings,SAC,kings,kings,Y,0
1629004,"Mykhailiuk, Svi",Svi Mykhailiuk,1,2018,2023,sviatoslav_mykhailiuk,svi_mykhailiuk,1610612738,Boston,Celtics,BOS,celtics,celtics,Y,1
1626204,"Nance Jr., Larry",Larry Nance Jr.,1,2015,2023,larry_nance_jr,larry_nance_jr,1610612740,New Orleans,Pelicans,NOP,pelicans,pelicans,Y,0
1629614,"Nembhard, Andrew",Andrew Nembhard,1,2022,2023,andrew_nembhard,andrew_nembhard,1610612754,Indiana,Pacers,IND,pacers,pacers,Y,0
1630174,"Nesmith, Aaron",Aaron Nesmith,1,2020,2023,aaron_nesmith,aaron_nesmith,1610612754,Indiana,Pacers,IND,pacers,pacers,Y,1
1630227,"Nix, Daishen",Daishen Nix,1,2021,2023,daishen_nix,daishen_nix,1610612750,Minnesota,Timberwolves,MIN,timberwolves,timberwolves,Y,1
1629669,"Nowell, Jaylen",Jaylen Nowell,0,2019,2023,jaylen_nowell,jaylen_nowell,0,,,,,,Y,11
1628373,"Ntilikina, Frank",Frank Ntilikina,0,2017,2023,frank_ntilikina,frank_ntilikina,0,,,,,,Y,0
203994,"Nurkic, Jusuf",Jusuf Nurkic,1,2014,2023,jusuf_nurkic,jusuf_nurkic,1610612756,Phoenix,Suns,PHX,suns,suns,Y,0
1626220,"O'Neale, Royce",Royce O'Neale,1,2017,2023,royce_o'neale,royce_oneale,1610612756,Phoenix,Suns,PHX,suns,suns,Y,1
1629006,"Okogie, Josh",Josh Okogie,1,2018,2023,josh_okogie,josh_okogie,1610612756,Phoenix,Suns,PHX,suns,suns,Y,0
1630647,"Omoruyi, Eugene",Eugene Omoruyi,1,2021,2023,eugene_omoruyi,eugene_omoruyi,1610612764,Washington,Wizards,WAS,wizards,wizards,Y,11
101108,"Paul, Chris",Chris Paul,1,2005,2023,chris_paul,chris_paul,1610612744,Golden State,Warriors,GSW,warriors,warriors,Y,0
1627780,"Payton II, Gary",Gary Payton II,1,2016,2023,gary_payton_ii,gary_payton_ii,1610612744,Golden State,Warriors,GSW,warriors,warriors,Y,1
1641809,"Peterson, Drew",Drew Peterson,1,2023,2023,drew_peterson,drew_peterson,1610612738,Boston,Celtics,BOS,celtics,celtics,Y,11
1630196,"Petrusev, Filip",Filip Petrusev,0,2023,2023,filip_petrusev,filip_petrusev,0,,,,,,Y,0
203486,"Plumlee, Mason",Mason Plumlee,1,2013,2023,mason_plumlee,mason_plumlee,1610612746,LA,Clippers,LAC,clippers,clippers,Y,11
1641764,"Podziemski, Brandin",Brandin Podziemski,1,2023,2023,brandon_podziemski,brandin_podziemski,1610612744,Golden State,Warriors,GSW,warriors,warriors,Y,0
1630197,"Pokusevski, Aleksej",Aleksej Pokusevski,0,2020,2023,aleksej_pokusevski,aleksej_pokusevski,0,,,,,,Y,1
1629673,"Poole, Jordan",Jordan Poole,1,2019,2023,jordan_poole,jordan_poole,1610612764,Washington,Wizards,WAS,wizards,wizards,Y,1
203490,"Porter Jr., Otto",Otto Porter Jr.,1,2013,2023,otto_porter_jr,otto_porter_jr,1610612762,Utah,Jazz,UTA,jazz,jazz,Y,0
204001,"Porzingis, Kristaps",Kristaps Porzingis,1,2015,2023,kristaps_porzingis,kristaps_porzingis,1610612738,Boston,Celtics,BOS,celtics,celtics,Y,0
1630695,"Potter, Micah",Micah Potter,1,2021,2023,micah_potter,micah_potter,1610612762,Utah,Jazz,UTA,jazz,jazz,Y,11
203939,"Powell, Dwight",Dwight Powell,1,2014,2023,dwight_powell,dwight_powell,1610612742,Dallas,Mavericks,DAL,mavericks,mavericks,Y,1
1626181,"Powell, Norman",Norman Powell,1,2015,2023,norman_powell,norman_powell,1610612746,LA,Clippers,LAC,clippers,clippers,Y,1
1630554,"Preston, Jason",Jason Preston,1,2021,2023,jason_preston,jason_preston,1610612762,Utah,Jazz,UTA,jazz,jazz,Y,11
1630563,"Primo, Joshua",Joshua Primo,1,2021,2023,joshua_primo,joshua_primo,1610612746,LA,Clippers,LAC,clippers,clippers,Y,11
1630202,"Pritchard, Payton",Payton Pritchard,1,2020,2023,payton_pritchard,payton_pritchard,1610612738,Boston,Celtics,BOS,celtics,celtics,Y,0
1641765,"Prosper, Olivier-Maxence",Olivier-Maxence Prosper,1,2023,2023,olivier-maxence_prosper,olivier-maxence_prosper,1610612742,Dallas,Mavericks,DAL,mavericks,mavericks,Y,11
1629674,"Queta, Neemias",Neemias Queta,1,2021,2023,neemias_queta,neemias_queta,1610612738,Boston,Celtics,BOS,celtics,celtics,Y,11
1631311,"Quinones, Lester",Lester Quinones,1,2022,2023,lester_quinones,lester_quinones,1610612744,Golden State,Warriors,GSW,warriors,warriors,Y,11
203944,"Randle, Julius",Julius Randle,1,2014,2023,julius_randle,julius_randle,1610612752,New York,Knicks,NYK,knicks,knicks,Y,0
1629675,"Reid, Naz",Naz Reid,1,2019,2023,naz_reid,naz_reid,1610612750,Minnesota,Timberwolves,MIN,timberwolves,timberwolves,Y,1
1630208,"Richards, Nick",Nick Richards,1,2020,2023,nick_richards,nick_richards,1610612766,Charlotte,Hornets,CHA,hornets,hornets,Y,1
1626196,"Richardson, Josh",Josh Richardson,1,2015,2023,josh_richardson,josh_richardson,1610612748,Miami,Heat,MIA,heat,heat,Y,1
1629130,"Robinson, Duncan",Duncan Robinson,1,2018,2023,duncan_robinson,duncan_robinson,1610612748,Miami,Heat,MIA,heat,heat,Y,1
1629010,"Robinson, Jerome",Jerome Robinson,1,2018,2023,jerome_robinson,jerome_robinson,1610612744,Golden State,Warriors,GSW,warriors,warriors,Y,11
1629011,"Robinson, Mitchell",Mitchell Robinson,1,2018,2023,mitchell_robinson,mitchell_robinson,1610612752,New York,Knicks,NYK,knicks,knicks,Y,0
1631115,"Robinson, Orlando",Orlando Robinson,1,2022,2023,orlando_robinson,orlando_robinson,1610612748,Miami,Heat,MIA,heat,heat,Y,11
1630526,"Robinson-Earl, Jeremiah",Jeremiah Robinson-Earl,1,2021,2023,jeremiah_robinson-earl,jeremiah_robinson-earl,1610612740,New Orleans,Pelicans,NOP,pelicans,pelicans,Y,1
1631223,"Roddy, David",David Roddy,1,2022,2023,david_roddy,david_roddy,1610612756,Phoenix,Suns,PHX,suns,suns,Y,1
1626179,"Rozier, Terry",Terry Rozier,1,2015,2023,terry_rozier,terry_rozier,1610612748,Miami,Heat,MIA,heat,heat,Y,1
1630346,"Ryan, Matt",Matt Ryan,1,2021,2023,matt_ryan,matt_ryan,1610612740,New Orleans,Pelicans,NOP,pelicans,pelicans,Y,11
1627734,"Sabonis, Domantas",Domantas Sabonis,1,2016,2023,domantas_sabonis,domantas_sabonis,1610612758,Sacramento,Kings,SAC,kings,kings,Y,0
1629677,"Samanic, Luka",Luka Samanic,1,2019,2023,luka_samanic,luka_samanic,1610612762,Utah,Jazz,UTA,jazz,jazz,Y,1
1630611,"Santos, Gui",Gui Santos,1,2023,2023,gui_santos,gui_santos,1610612744,Golden State,Warriors,GSW,warriors,warriors,Y,11
203967,"Saric, Dario",Dario Saric,1,2016,2023,dario_saric,dario_saric,1610612744,Golden State,Warriors,GSW,warriors,warriors,Y,0
1630846,"Sarr, Olivier",Olivier Sarr,1,2021,2023,olivier_sarr,olivier_sarr,1610612760,Oklahoma City,Thunder,OKC,thunder,thunder,Y,11
1631220,"Seabron, Dereon",Dereon Seabron,1,2022,2023,dereon_seabron,dereon_seabron,1610612740,New Orleans,Pelicans,NOP,pelicans,pelicans,Y,11
1641729,"Sensabaugh, Brice",Brice Sensabaugh,1,2023,2023,brice_sensabaugh,brice_sensabaugh,1610612762,Utah,Jazz,UTA,jazz,jazz,Y,11
1629012,"Sexton, Collin",Collin Sexton,1,2018,2023,collin_sexton,collin_sexton,1610612762,Utah,Jazz,UTA,jazz,jazz,Y,0
1629013,"Shamet, Landry",Landry Shamet,1,2018,2023,landry_shamet,landry_shamet,1610612764,Washington,Wizards,WAS,wizards,wizards,Y,0
1641767,"Sheppard, Ben",Ben Sheppard,1,2023,2023,ben_sheppard,ben_sheppard,1610612754,Indiana,Pacers,IND,pacers,pacers,Y,11
1627783,"Siakam, Pascal",Pascal Siakam,1,2016,2023,pascal_siakam,pascal_siakam,1610612754,Indiana,Pacers,IND,pacers,pacers,Y,1
1630579,"Sims, Jericho",Jericho Sims,1,2021,2023,jericho_sims,jericho_sims,1610612752,New York,Knicks,NYK,knicks,knicks,Y,1
1631376,"Skapintsev, Dmytro",Dmytro Skapintsev,0,2023,2023,dmytro_skapintsev,dmytro_skapintsev,0,,,,,,Y,11
1641771,"Slawson, Jalen",Jalen Slawson,1,2023,2023,jalen_slawson,jalen_slawson,1610612758,Sacramento,Kings,SAC,kings,kings,Y,11
1630606,"Smart, Javonte",Javonte Smart,0,2021,2023,javonte_smart,javonte_smart,0,,,,,,Y,11
1630696,"Smith, Dru",Dru Smith,1,2022,2023,dru_smith,dru_smith,1610612748,Miami,Heat,MIA,heat,heat,Y,1
202397,"Smith, Ish",Ish Smith,0,2010,2023,ish_smith,ish_smith,0,,,,,,Y,1
1630188,"Smith, Jalen",Jalen Smith,1,2020,2023,jalen_smith,jalen_smith,1610612754,Indiana,Pacers,IND,pacers,pacers,Y,1
1641733,"Smith Jr., Nick",Nick Smith Jr.,1,2023,2023,nick_smith_jr,nick_smith_jr,1610612766,Charlotte,Hornets,CHA,hornets,hornets,Y,0
1630311,"Spencer, Pat",Pat Spencer,1,2023,2023,pat_spencer,pat_spencer,1610612744,Golden State,Warriors,GSW,warriors,warriors,Y,11
1630531,"Springer, Jaden",Jaden Springer,1,2021,2023,jaden_springer,jaden_springer,1610612738,Boston,Celtics,BOS,celtics,celtics,Y,1
1631306,"Swider, Cole",Cole Swider,1,2022,2023,cole_swider,cole_swider,1610612748,Miami,Heat,MIA,heat,heat,Y,11
1628369,"Tatum, Jayson",Jayson Tatum,1,2017,2023,jayson_tatum,jayson_tatum,1610612738,Boston,Celtics,BOS,celtics,celtics,Y,0
1628464,"Theis, Daniel",Daniel Theis,1,2017,2023,daniel_theis,daniel_theis,1610612746,LA,Clippers,LAC,clippers,clippers,Y,0
202691,"Thompson, Klay",Klay Thompson,1,2011,2023,klay_thompson,klay_thompson,1610612744,Golden State,Warriors,GSW,warriors,warriors,Y,0
1630550,"Thor, JT",JT Thor,1,2021,2023,jt_thor,jt_thor,1610612766,Charlotte,Hornets,CHA,hornets,hornets,Y,1
1630214,"Tillman, Xavier",Xavier Tillman,1,2020,2023,xavier_tillman,xavier_tillman,1610612738,Boston,Celtics,BOS,celtics,celtics,Y,1
1631210,"Toppin, Jacob",Jacob Toppin,1,2023,2023,jacob_toppin,jacob_toppin,1610612752,New York,Knicks,NYK,knicks,knicks,Y,11
1630167,"Toppin, Obi",Obi Toppin,1,2020,2023,obi_toppin,obi_toppin,1610612754,Indiana,Pacers,IND,pacers,pacers,Y,0
1629308,"Toscano-Anderson, Juan",Juan Toscano-Anderson,0,2019,2023,juan_toscano-anderson,juan_toscano-anderson,0,,,,,,Y,11
1626157,"Towns, Karl-Anthony",Karl-Anthony Towns,1,2015,2023,karl-anthony_towns,karl-anthony_towns,1610612750,Minnesota,Timberwolves,MIN,timberwolves,timberwolves,Y,0
1631131,"Tshiebwe, Oscar",Oscar Tshiebwe,1,2023,2023,oscar_tshiebwe,oscar_tshiebwe,1610612754,Indiana,Pacers,IND,pacers,pacers,Y,11
200782,"Tucker, P.J.",P.J. Tucker,1,2006,2023,pj_tucker,pj_tucker,1610612746,LA,Clippers,LAC,clippers,clippers,Y,1
1626167,"Turner, Myles",Myles Turner,1,2015,2023,myles_turner,myles_turner,1610612754,Indiana,Pacers,IND,pacers,pacers,Y,0
202685,"Valanciunas, Jonas",Jonas Valanciunas,1,2012,2023,jonas_valanciunas,jonas_valanciunas,1610612740,New Orleans,Pelicans,NOP,pelicans,pelicans,Y,0
1628426,"Vezenkov, Sasha",Sasha Vezenkov,1,2023,2023,sasha_vezenkov,sasha_vezenkov,1610612758,Sacramento,Kings,SAC,kings,kings,Y,0
1630688,"Wainright, Ish",Ish Wainright,0,2021,2023,ish_wainright,ish_wainright,0,,,,,,Y,0
1641716,"Walker, Jarace",Jarace Walker,1,2023,2023,jarace_walker,jarace_walker,1610612754,Indiana,Pacers,IND,pacers,pacers,Y,11
1641717,"Wallace, Cason",Cason Wallace,1,2023,2023,cason_wallace,cason_wallace,1610612760,Oklahoma City,Thunder,OKC,thunder,thunder,Y,0
1641775,"Walsh, Jordan",Jordan Walsh,1,2023,2023,jordan_walsh,jordan_walsh,1610612738,Boston,Celtics,BOS,celtics,celtics,Y,11
1629023,"Washington, P.J.",P.J. Washington,1,2019,2023,pj_washington,pj_washington,1610612742,Dallas,Mavericks,DAL,mavericks,mavericks,Y,0
1630613,"Washington Jr., Duane",Duane Washington Jr.,1,2021,2023,duane_washington_jr,duane_washington_jr,1610612752,New York,Knicks,NYK,knicks,knicks,Y,11
1630322,"Waters III, Lindy",Lindy Waters III,1,2021,2023,lindy_waters_iii,lindy_waters_iii,1610612760,Oklahoma City,Thunder,OKC,thunder,thunder,Y,11
201566,"Westbrook, Russell",Russell Westbrook,1,2008,2023,russell_westbrook,russell_westbrook,1610612746,LA,Clippers,LAC,clippers,clippers,Y,0
1628401,"White, Derrick",Derrick White,1,2017,2023,derrick_white,derrick_white,1610612738,Boston,Celtics,BOS,celtics,celtics,Y,1
1630598,"Wiggins, Aaron",Aaron Wiggins,1,2021,2023,aaron_wiggins,aaron_wiggins,1610612760,Oklahoma City,Thunder,OKC,thunder,thunder,Y,1
203952,"Wiggins, Andrew",Andrew Wiggins,1,2014,2023,andrew_wiggins,andrew_wiggins,1610612744,Golden State,Warriors,GSW,warriors,warriors,Y,0
1629623,"Wigginton, Lindell",Lindell Wigginton,0,2021,2023,lindell_wigginton,lindell_wigginton,0,,,,,,Y,1
1631214,"Williams, Alondes",Alondes Williams,1,2022,2023,alondes_williams,alondes_williams,1610612748,Miami,Heat,MIA,heat,heat,Y,11
1630314,"Williams, Brandon",Brandon Williams,1,2021,2023,brandon_williams,brandon_williams,1610612742,Dallas,Mavericks,DAL,mavericks,mavericks,Y,11
1629684,"Williams, Grant",Grant Williams,1,2019,2023,grant_williams,grant_williams,1610612766,Charlotte,Hornets,CHA,hornets,hornets,Y,0
1631114,"Williams, Jalen",Jalen Williams,1,2022,2023,jalen_williams,jalen_williams,1610612760,Oklahoma City,Thunder,OKC,thunder,thunder,Y,0
1631119,"Williams, Jaylin",Jaylin Williams,1,2022,2023,jaylin_williams,jaylin_williams,1610612760,Oklahoma City,Thunder,OKC,thunder,thunder,Y,1
1629026,"Williams, Kenrich",Kenrich Williams,1,2018,2023,kenrich_williams,kenrich_williams,1610612760,Oklahoma City,Thunder,OKC,thunder,thunder,Y,1
1631109,"Williams, Mark",Mark Williams,1,2022,2023,mark_williams,mark_williams,1610612766,Charlotte,Hornets,CHA,hornets,hornets,Y,0
1629627,"Williamson, Zion",Zion Williamson,1,2019,2023,zion_williamson,zion_williamson,1610612740,New Orleans,Pelicans,NOP,pelicans,pelicans,Y,0
1631209,"Wong, Isaiah",Isaiah Wong,1,2023,2023,isaiah_wong,isaiah_wong,1610612754,Indiana,Pacers,IND,pacers,pacers,Y,11
1626153,"Wright, Delon",Delon Wright,1,2015,2023,delon_wright,delon_wright,1610612748,Miami,Heat,MIA,heat,heat,Y,1
201152,"Young, Thaddeus",Thaddeus Young,1,2007,2023,thaddeus_young,thaddeus_young,1610612756,Phoenix,Suns,PHX,suns,suns,Y,0
1630209,"Yurtseven, Omer",Omer Yurtseven,1,2020,2023,omer_yurtseven,omer_yurtseven,1610612762,Utah,Jazz,UTA,jazz,jazz,Y,1
203469,"Zeller, Cody",Cody Zeller,1,2013,2023,cody_zeller,cody_zeller,1610612740,New Orleans,Pelicans,NOP,pelicans,pelicans,Y,0
1627826,"Zubac, Ivica",Ivica Zubac,1,2016,2023,ivica_zubac,ivica_zubac,1610612746,LA,Clippers,LAC,clippers,clippers,Y,1
